{
  "index.html": 1723483387137,
  "manifest.json": 1723551446227,
  "controller/View1.controller.js": 1723547824959,
  "controller/App.controller.js": 1721800148279,
  "model/models.js": 1721800148279,
  "Component.js": 1721800148267,
  "controller/View1-dbg.controller.js": 1723547824959,
  "controller/View1.controller.js.map": 1723551446420,
  "controller/App-dbg.controller.js": 1721800148279,
  "controller/App.controller.js.map": 1723551446380,
  "model/models-dbg.js": 1721800148279,
  "model/models.js.map": 1723551446386,
  "Component-dbg.js": 1721800148267,
  "Component.js.map": 1723551446382,
  "Component-preload.js": 1723551446623,
  "Component-preload.js.map": 1723551446623,
  "view/fragment/VerifySign.fragment.xml": 1723522429414,
  "view/View1.view.xml": 1723551309987,
  "view/App.view.xml": 1721800148283,
  "css/style.css": 1721800148283,
  "i18n/i18n.properties": 1721800166308
}