{
  "controller/App-dbg.controller.js": 1721800148279,
  "Component.js": 1721800148267,
  "controller/View1.controller.js": 1722926724739,
  "controller/App.controller.js": 1721800148279,
  "manifest.json": 1722926843799,
  "model/models.js": 1721800148279,
  "controller/View1-dbg.controller.js": 1722926724739,
  "controller/View1.controller.js.map": 1722926843996,
  "Component-dbg.js": 1721800148267,
  "Component.js.map": 1722926843962,
  "i18n/i18n.properties": 1721800166308,
  "controller/App.controller.js.map": 1722926843960,
  "model/models-dbg.js": 1721800148279,
  "model/models.js.map": 1722926843961,
  "Component-preload.js": 1722926844212,
  "Component-preload.js.map": 1722926844212,
  "view/View1.view.xml": 1722925647854,
  "view/App.view.xml": 1721800148283,
  "css/style.css": 1721800148283,
  "index.html": 1721800148271
}