{
  "view/App.view.xml": 1721800148283,
  "model/models.js": 1721800148279,
  "controller/View1.controller.js": 1721887647461,
  "controller/App.controller.js": 1721800148279,
  "manifest.json": 1721887841383,
  "Component.js": 1721800148267,
  "controller/App-dbg.controller.js": 1721800148279,
  "controller/App.controller.js.map": 1721887841534,
  "controller/View1-dbg.controller.js": 1721887647461,
  "controller/View1.controller.js.map": 1721887841555,
  "model/models-dbg.js": 1721800148279,
  "model/models.js.map": 1721887841535,
  "Component-dbg.js": 1721800148267,
  "Component.js.map": 1721887841533,
  "Component-preload.js": 1721887841765,
  "Component-preload.js.map": 1721887841765,
  "view/View1.view.xml": 1721809686248,
  "i18n/i18n.properties": 1721800166308,
  "css/style.css": 1721800148283,
  "index.html": 1721800148271
}