{
  "controller/App.controller.js": 1721800148279,
  "Component.js": 1721800148267,
  "controller/View1.controller.js": 1723457064286,
  "i18n/i18n.properties": 1721800166308,
  "manifest.json": 1723466934752,
  "model/models.js": 1721800148279,
  "controller/View1-dbg.controller.js": 1723457064286,
  "controller/View1.controller.js.map": 1723466934959,
  "Component-dbg.js": 1721800148267,
  "Component.js.map": 1723466934927,
  "controller/App-dbg.controller.js": 1721800148279,
  "controller/App.controller.js.map": 1723466934927,
  "model/models-dbg.js": 1721800148279,
  "model/models.js.map": 1723466934927,
  "Component-preload.js": 1723466935172,
  "Component-preload.js.map": 1723466935172,
  "view/View1.view.xml": 1723453357765,
  "view/App.view.xml": 1721800148283,
  "css/style.css": 1721800148283,
  "index.html": 1721800148271
}