{
  "manifest.json": 1721808158921,
  "controller/App.controller.js": 1721800148279,
  "controller/View1.controller.js": 1721807211755,
  "model/models.js": 1721800148279,
  "i18n/i18n.properties": 1721800166308,
  "Component.js": 1721800148267,
  "Component-dbg.js": 1721800148267,
  "Component.js.map": 1721808159116,
  "controller/View1-dbg.controller.js": 1721807211755,
  "controller/View1.controller.js.map": 1721808159136,
  "model/models-dbg.js": 1721800148279,
  "model/models.js.map": 1721808159130,
  "controller/App-dbg.controller.js": 1721800148279,
  "controller/App.controller.js.map": 1721808159126,
  "Component-preload.js": 1721808159247,
  "Component-preload.js.map": 1721808159247,
  "view/View1.view.xml": 1721805400273,
  "view/App.view.xml": 1721800148283,
  "css/style.css": 1721800148283,
  "index.html": 1721800148271
}